seconds,system_ram_gib,gpu_used_mib
0.0,17.74185562133789,5388
0.292539,17.75467300415039,5388
0.859286,17.7471923828125,5387
1.430018,17.75208282470703,5386
1.998102,17.74795913696289,5387
2.575036,17.75650405883789,5476
3.160366,17.770339965820312,5476
3.740854,17.770591735839844,5476
4.327437,17.77093505859375,5471
4.908953,17.771217346191406,5472
5.519932,17.775516510009766,5471
6.137024,17.76280975341797,5472
6.743223,17.77002716064453,5482
7.327694,17.790725708007812,5484
7.910781,17.931034088134766,5484
8.501713,17.791893005371094,5473
9.085869,17.77386474609375,5473
9.676512,17.806861877441406,5424
10.267955,17.797313690185547,5424
10.851739,17.779254913330078,5437
11.443218,17.796039581298828,5434
12.049214,17.7890625,5434
12.638467,17.788555145263672,5434
13.254915,17.788219451904297,5417
13.862832,17.78399658203125,5417
14.4473,17.795299530029297,5408
15.0328,17.77352523803711,5471
15.617877,17.786609649658203,5469
16.190243,17.788066864013672,5459
16.771058,17.78594207763672,5458
17.344167,17.786190032958984,5468
17.92518,17.769535064697266,5469
18.51676,17.767906188964844,5468
19.115606,17.769996643066406,5471
19.732316,17.774856567382812,5457
20.329715,17.779563903808594,5457
20.91071,17.779918670654297,5476
21.496846,17.78472900390625,5476
22.073753,17.781505584716797,5464
22.684531,17.78040313720703,5481
23.293295,17.783222198486328,5483
23.897125,17.78390884399414,5483
24.479383,17.78058624267578,5472
25.089998,17.774333953857422,5473
25.688651,17.766212463378906,5473
26.269117,17.750938415527344,5472
26.86864,17.748817443847656,5432
27.465314,17.805126190185547,5432
28.048868,17.762645721435547,5432
28.647435,17.762107849121094,5445
29.24731,17.773731231689453,5524
29.835022,17.783573150634766,5524
30.415865,17.77869415283203,5524
30.995179,17.779949188232422,5503
31.564436,17.781734466552734,5497
32.135738,17.782432556152344,5424
32.714143,17.785804748535156,5424
33.288136,17.77798080444336,5423
33.870251,17.956008911132812,5420
34.461947,17.770824432373047,5413
35.042627,17.770893096923828,5410
35.622901,17.771976470947266,5403
36.212449,17.775894165039062,5411
36.791204,17.777400970458984,5411
37.367304,17.777477264404297,5405
37.956405,17.77578353881836,5405
38.54475,17.773731231689453,5405
39.126079,17.772994995117188,5403
39.70324,17.769668579101562,5406
40.287831,17.782577514648438,5406
40.870118,17.785682678222656,5407
41.456163,17.783573150634766,5407
42.031765,17.782421112060547,5403
42.607297,17.768539428710938,5403
43.188076,17.760211944580078,5398
43.776074,17.768966674804688,5398
44.362691,17.771331787109375,5398
44.946854,17.771568298339844,5406
45.532999,17.77368927001953,5404
46.112016,17.779354095458984,5405
46.690406,17.802268981933594,5406
47.268609,17.793392181396484,5416
47.852138,17.78982925415039,5417
48.456708,17.812835693359375,5417
49.055588,17.80752944946289,5416
49.638772,17.817546844482422,5415
50.219152,17.81658172607422,5401
50.811699,17.826396942138672,5395
51.396015,17.993698120117188,5398
51.986619,18.073902130126953,5412
52.567381,18.058807373046875,5448
53.158802,18.065296173095703,5418
53.761188,18.055545806884766,5414
54.353486,18.04308319091797,5414
54.976145,18.033702850341797,5391
55.569982,18.008811950683594,5391
56.15669,18.001373291015625,5391
56.745021,18.00686264038086,5391
57.318385,18.013477325439453,5410
57.909405,18.014171600341797,5414
58.489118,18.049419403076172,5397
59.087465,18.017471313476562,5404
59.676,18.237693786621094,5404
60.258958,18.139808654785156,5400
60.851297,18.06192398071289,5401
61.436624,18.06229019165039,5374
62.030342,18.059192657470703,5372
62.624497,18.048397064208984,5456
63.206945,18.10344696044922,5456
63.786108,18.04491424560547,5455
64.376912,18.034366607666016,5443
64.959259,18.03683853149414,5390
65.549153,18.03897476196289,5390
66.127172,18.031360626220703,5390
66.714703,18.033748626708984,5390
67.288863,18.028072357177734,5387
67.864834,18.029502868652344,5378
68.437849,18.017650604248047,5378
69.013028,18.004348754882812,5438
69.601717,18.003414154052734,5454
70.205523,18.050045013427734,5460
70.824334,18.030929565429688,5475
71.431863,18.019996643066406,5467
72.05979,18.031219482421875,5465
72.645753,18.154842376708984,5447
73.226168,18.013729095458984,5403
73.831351,18.018901824951172,5404
74.426722,18.00957489013672,5404
75.063668,18.013179779052734,5403
75.683278,18.012100219726562,5396
76.27736,18.005855560302734,5397
76.894865,18.024208068847656,5404
77.506842,18.011722564697266,5400
78.115318,18.005218505859375,5400
78.705401,17.993228912353516,5400
79.285468,18.197582244873047,5399
79.891102,18.003448486328125,5398
80.480158,18.016490936279297,5427
81.086222,18.03319549560547,5484
81.679738,18.023998260498047,5484
82.265254,18.004535675048828,5480
82.841847,17.99753189086914,5480
83.420806,17.998653411865234,5458
84.001529,18.000141143798828,5422
84.577802,18.004108428955078,5421
85.164067,17.995235443115234,5422
85.746055,18.111881256103516,5415
86.32571,17.997455596923828,5413
86.904618,17.992488861083984,5458
87.476938,18.000411987304688,5474
88.085713,17.993972778320312,5475
88.695128,17.978515625,5475
89.298654,17.984249114990234,5475
89.904229,17.990310668945312,5478
90.497159,17.98485565185547,5478
91.112926,18.013778686523438,5462
91.721331,18.030521392822266,5457
91.960161,18.045726776123047,5457
